Num_Acc,senc,catv,occutc,obs,obsm,choc,manv,num_veh
201000037144,0,7,0,0.0,2.0,4.0,2.0,B01
201000006662,0,7,0,0.0,2.0,2.0,15.0,A01
201000016394,0,7,0,0.0,2.0,0.0,9.0,A01
201000048409,0,34,0,0.0,2.0,1.0,15.0,A01
201000041004,0,7,0,0.0,2.0,4.0,1.0,A01
201000023304,0,7,0,3.0,0.0,2.0,1.0,A01
201000033388,0,30,0,0.0,2.0,1.0,1.0,B01
201000011573,0,7,0,0.0,2.0,3.0,10.0,A01
201000063385,0,7,0,0.0,0.0,4.0,23.0,B01
201000000566,0,10,0,1.0,2.0,2.0,1.0,A01
201000049366,0,7,0,0.0,2.0,5.0,23.0,B01
201000064197,0,33,0,1.0,1.0,1.0,17.0,A01
201000013679,0,13,0,0.0,2.0,0.0,1.0,B02
201000034326,0,32,0,0.0,2.0,7.0,1.0,B01
201000014521,0,7,0,8.0,2.0,3.0,10.0,A01
201000027728,0,7,0,0.0,2.0,3.0,15.0,B01
201000038499,0,30,0,0.0,2.0,1.0,18.0,A01
201000065832,0,7,0,0.0,2.0,3.0,1.0,A01
201000012589,0,7,0,0.0,2.0,1.0,13.0,A01
201000060397,0,32,0,0.0,2.0,3.0,2.0,A01
201000044900,0,33,0,0.0,2.0,8.0,2.0,A01
201000050205,1,7,0,0.0,0.0,0.0,2.0,A01
201000034245,0,7,0,0.0,1.0,1.0,1.0,A01
201000012214,0,1,0,16.0,0.0,0.0,14.0,A01
201000004414,0,7,0,0.0,2.0,3.0,13.0,A01
201000043979,1,7,0,0.0,1.0,0.0,1.0,A01
201000017176,0,7,0,0.0,2.0,1.0,1.0,A01
201000023133,0,7,0,0.0,2.0,2.0,15.0,A01
201000039972,0,7,0,0.0,2.0,3.0,13.0,A01
201000021184,0,7,0,0.0,2.0,6.0,15.0,B01
201000018151,0,7,0,16.0,0.0,9.0,1.0,A01
201000022368,0,30,0,16.0,0.0,5.0,1.0,A01
201000047396,0,7,0,0.0,2.0,6.0,1.0,A01
201000005183,0,7,0,0.0,2.0,1.0,1.0,A01
201000035614,0,7,0,0.0,2.0,8.0,1.0,B01
201000007556,0,33,0,0.0,0.0,7.0,1.0,A01
201000023203,0,31,0,0.0,2.0,1.0,2.0,A01
201000014381,0,10,0,0.0,2.0,2.0,1.0,B02
201000017023,0,1,0,0.0,1.0,0.0,5.0,A01
201000016225,0,7,0,0.0,2.0,2.0,1.0,B01
201000024539,0,30,0,0.0,2.0,1.0,0.0,B01
201000013316,0,7,0,0.0,2.0,3.0,13.0,A01
201000063119,0,7,0,0.0,2.0,4.0,23.0,B01
201000054462,0,33,0,,2.0,9.0,1.0,B02
201000060282,0,7,0,0.0,1.0,0.0,1.0,A01
201000051310,0,7,0,0.0,0.0,1.0,1.0,B01
201000059765,0,7,0,0.0,2.0,3.0,11.0,A01
201000009412,0,30,0,0.0,1.0,1.0,1.0,A01
201000049127,0,15,0,0.0,2.0,1.0,2.0,A01
201000025867,0,10,0,0.0,1.0,3.0,1.0,A01
201000012035,0,1,0,8.0,0.0,1.0,13.0,A01
201000057212,0,7,0,0.0,0.0,3.0,11.0,A01
201000066204,0,30,0,0.0,2.0,1.0,13.0,A01
201000044027,0,7,0,0.0,2.0,1.0,1.0,B01
201000054221,0,33,0,0.0,2.0,1.0,1.0,B01
201000057730,0,7,0,0.0,1.0,1.0,9.0,A01
201000005231,0,7,0,0.0,2.0,3.0,1.0,B02
201000001224,0,7,0,0.0,0.0,2.0,20.0,A01
201000045137,0,7,0,0.0,2.0,3.0,1.0,B01
201000012173,0,7,0,0.0,0.0,0.0,16.0,B02
201000062020,0,7,0,0.0,2.0,2.0,10.0,B01
201000018909,0,7,0,1.0,0.0,1.0,2.0,A01
201000012328,0,7,0,0.0,2.0,7.0,15.0,A01
201000059938,0,10,0,0.0,2.0,4.0,1.0,A01
201000045814,0,33,0,0.0,0.0,7.0,1.0,B01
201000025341,0,1,0,0.0,2.0,1.0,2.0,A01
201000010635,0,30,0,1.0,0.0,1.0,14.0,A01
201000055654,0,33,0,0.0,2.0,1.0,3.0,B01
201000002211,0,30,0,0.0,2.0,3.0,13.0,A01
201000065454,2,7,0,0.0,2.0,1.0,2.0,Z01
201000025820,1,33,0,0.0,1.0,2.0,1.0,A01
201000046208,0,1,0,0.0,2.0,1.0,13.0,A01
201000034776,0,30,0,0.0,0.0,0.0,1.0,A01
201000058373,0,7,0,0.0,2.0,2.0,1.0,B01
201000035391,0,7,0,0.0,2.0,3.0,15.0,A01
201000027345,0,7,0,13.0,0.0,2.0,0.0,A01
201000004293,0,7,0,2.0,0.0,0.0,1.0,A01
201000000048,0,7,0,0.0,2.0,1.0,13.0,A01
201000003203,0,7,0,0.0,2.0,3.0,2.0,B02
201000021291,0,32,0,0.0,2.0,7.0,1.0,B01
201000051123,0,7,0,0.0,2.0,3.0,11.0,A01
201000016354,0,10,0,0.0,2.0,2.0,0.0,A01
201000036340,0,7,0,0.0,2.0,1.0,1.0,B01
201000025971,0,7,0,0.0,2.0,3.0,1.0,A01
201000034478,0,10,0,0.0,2.0,1.0,1.0,A01
201000048578,0,1,0,0.0,1.0,1.0,1.0,A01
201000016062,0,32,0,15.0,0.0,1.0,14.0,A01
201000012157,0,30,0,0.0,2.0,1.0,18.0,A01
201000043815,0,31,0,0.0,2.0,1.0,17.0,B01
201000041204,0,7,0,0.0,1.0,2.0,3.0,A01
201000021888,0,32,0,0.0,0.0,1.0,1.0,A01
201000053292,0,30,0,0.0,2.0,1.0,1.0,B01
201000017618,0,10,0,0.0,2.0,1.0,2.0,A01
201000020963,1,32,0,0.0,2.0,2.0,15.0,A01
201000058140,0,7,0,0.0,1.0,1.0,15.0,A01
201000012255,0,33,0,0.0,2.0,1.0,13.0,A01
201000003753,0,7,0,2.0,2.0,1.0,21.0,A01
201000001597,0,15,0,0.0,2.0,3.0,1.0,A01
201000064166,0,2,0,0.0,2.0,2.0,1.0,A01
201000061215,0,7,0,0.0,2.0,4.0,23.0,B01
201000046288,0,7,0,0.0,2.0,2.0,1.0,B01
201000055070,0,10,0,0.0,2.0,8.0,1.0,B01
201000045925,0,7,0,0.0,2.0,3.0,9.0,A01
201000032148,0,34,0,0.0,2.0,1.0,1.0,B01
201000035117,0,7,0,0.0,2.0,3.0,1.0,B01
201000041703,0,7,0,0.0,2.0,1.0,0.0,B01
201000037270,0,7,0,0.0,2.0,3.0,1.0,B01
201000017247,0,7,0,0.0,2.0,4.0,1.0,B01
201000050433,0,2,0,0.0,2.0,2.0,1.0,A01
201000001765,0,7,0,14.0,0.0,1.0,13.0,A01
201000061963,0,30,0,0.0,2.0,1.0,1.0,B01
201000052216,0,7,0,0.0,2.0,3.0,15.0,B01
201000019482,0,7,0,0.0,2.0,3.0,1.0,B01
201000000611,0,7,0,0.0,2.0,8.0,1.0,B02
201000046263,0,7,0,0.0,1.0,1.0,1.0,A01
201000053052,0,30,0,0.0,2.0,6.0,1.0,B01
201000059830,0,7,0,4.0,0.0,3.0,11.0,A01
201000032401,0,7,0,0.0,2.0,4.0,1.0,B01
201000057116,0,7,0,0.0,0.0,5.0,1.0,A01
201000065802,0,32,0,0.0,0.0,0.0,21.0,A01
201000048543,0,10,0,0.0,2.0,3.0,15.0,A01
201000062600,0,30,0,0.0,1.0,7.0,1.0,A01
201000000483,0,2,0,0.0,2.0,1.0,1.0,B02
201000040204,0,7,0,0.0,0.0,7.0,1.0,B01
201000065650,0,1,0,0.0,2.0,1.0,13.0,A01
201000003683,0,7,0,0.0,2.0,1.0,1.0,B02
201000062196,0,7,0,1.0,0.0,2.0,14.0,A01
201000064198,0,33,0,0.0,0.0,7.0,1.0,A01
201000000354,0,7,0,0.0,2.0,8.0,1.0,B02
201000063205,0,32,0,0.0,2.0,4.0,23.0,A01
201000037268,0,7,0,0.0,2.0,1.0,15.0,A01
201000007126,0,7,0,0.0,2.0,1.0,1.0,B02
201000053414,0,30,0,0.0,2.0,9.0,1.0,B01
201000054836,0,7,0,0.0,2.0,4.0,23.0,B01
201000003768,0,17,0,0.0,2.0,3.0,1.0,B02
201000044279,0,7,0,0.0,2.0,5.0,4.0,A01
201000001655,0,7,0,0.0,2.0,1.0,15.0,A01
201000050519,0,30,0,0.0,2.0,8.0,16.0,B01
201000013637,0,33,0,2.0,0.0,1.0,1.0,A01
201000049262,0,7,0,0.0,1.0,1.0,1.0,A01
201000021776,1,7,0,0.0,2.0,1.0,14.0,Z01
201000053498,0,7,0,0.0,1.0,3.0,1.0,A01
201000018356,0,7,0,0.0,2.0,1.0,1.0,C03
201000030004,0,30,0,1.0,0.0,1.0,1.0,A01
201000009137,0,10,0,0.0,1.0,1.0,1.0,A01
201000019355,0,7,0,1.0,0.0,1.0,1.0,A01
201000018822,0,2,0,0.0,2.0,8.0,19.0,A01
201000021891,0,7,0,0.0,2.0,8.0,1.0,B01
201000042455,0,33,0,0.0,0.0,1.0,2.0,B01
201000045792,0,7,0,0.0,0.0,3.0,17.0,B01
201000006243,0,7,0,14.0,2.0,3.0,9.0,A01
201000015297,0,7,0,0.0,2.0,2.0,10.0,B01
201000028110,0,7,0,0.0,2.0,8.0,23.0,D01
201000038895,0,7,0,0.0,1.0,1.0,0.0,A01
201000064795,0,32,0,0.0,1.0,3.0,16.0,A01
201000054328,0,33,0,16.0,0.0,7.0,2.0,A01
201000010106,0,1,0,0.0,2.0,1.0,13.0,A01
201000019885,0,7,0,0.0,2.0,1.0,1.0,B01
201000036855,1,7,0,0.0,0.0,0.0,1.0,Z01
201000037628,0,7,0,0.0,5.0,1.0,21.0,A01
201000042230,0,7,0,0.0,0.0,3.0,15.0,A01
201000022219,0,7,0,0.0,2.0,3.0,10.0,A01
201000033723,0,1,0,0.0,2.0,1.0,1.0,B01
201000025245,0,30,0,0.0,2.0,8.0,0.0,A01
201000041687,0,7,0,8.0,0.0,7.0,15.0,A01
201000055918,0,33,0,0.0,2.0,2.0,0.0,A01
201000028628,0,2,0,2.0,0.0,1.0,1.0,A01
201000065465,0,2,0,0.0,2.0,6.0,16.0,B01
201000025442,0,7,0,0.0,2.0,2.0,11.0,A01
201000014468,0,7,0,0.0,2.0,1.0,13.0,A01
201000016371,0,2,0,0.0,2.0,1.0,1.0,A01
201000042749,0,7,0,0.0,2.0,8.0,0.0,B01
201000049973,0,10,0,6.0,0.0,1.0,1.0,A01
201000001407,0,33,0,5.0,0.0,7.0,1.0,A01
201000068936,0,7,0,0.0,2.0,2.0,1.0,A01
201000028365,0,7,0,0.0,1.0,9.0,5.0,A01
201000063062,0,33,0,0.0,2.0,7.0,1.0,A01
201000044860,0,7,0,0.0,1.0,3.0,1.0,A01
201000029131,0,33,0,0.0,2.0,1.0,0.0,B01
201000035206,0,7,0,0.0,2.0,8.0,17.0,A01
201000049638,0,7,0,0.0,2.0,4.0,23.0,B01
201000001955,0,7,0,0.0,2.0,1.0,2.0,A01
201000041241,0,7,0,0.0,0.0,8.0,10.0,A01
201000053163,0,7,0,0.0,,,14.0,A01
201000053758,0,7,0,0.0,2.0,1.0,17.0,B01
201000052970,0,7,0,0.0,2.0,2.0,1.0,B01
201000013733,0,10,0,0.0,2.0,8.0,13.0,B02
201000060873,0,7,0,0.0,1.0,2.0,1.0,A01
201000061811,0,30,0,0.0,2.0,8.0,1.0,B01
201000007019,0,7,0,0.0,2.0,6.0,9.0,A01
201000027436,0,7,0,0.0,2.0,1.0,2.0,A01
201000044307,0,7,0,0.0,2.0,6.0,9.0,B01
201000008489,0,7,0,0.0,2.0,3.0,15.0,A01
201000041616,1,7,0,0.0,2.0,0.0,0.0,Z01
201000025937,0,7,0,2.0,0.0,1.0,1.0,A01
201000057757,0,31,0,0.0,2.0,2.0,1.0,B01
201000013735,0,7,0,0.0,2.0,1.0,1.0,C03
201000000429,0,31,0,12.0,2.0,9.0,21.0,A01
201000030604,0,7,0,0.0,2.0,6.0,23.0,B01
201000039629,0,7,0,0.0,2.0,1.0,1.0,B01
201000036241,0,7,0,0.0,2.0,7.0,23.0,B01
201000065656,0,3,0,0.0,2.0,8.0,22.0,A01
201000062868,0,32,0,0.0,0.0,0.0,21.0,A01
201000066736,0,33,0,0.0,0.0,8.0,21.0,A01
201000043981,0,30,0,0.0,2.0,1.0,1.0,B01
201000037569,0,7,0,6.0,0.0,7.0,19.0,A01
201000068081,0,7,0,0.0,2.0,1.0,1.0,A01
201000008874,0,7,0,13.0,0.0,0.0,1.0,A01
201000054344,0,7,0,0.0,2.0,4.0,23.0,B01
201000047274,0,37,0,0.0,0.0,1.0,12.0,B01
201000064853,0,2,0,0.0,2.0,2.0,21.0,A01
201000040147,0,7,0,2.0,0.0,0.0,1.0,A01
201000065695,0,32,0,0.0,2.0,1.0,1.0,B01
201000015574,0,32,0,0.0,2.0,1.0,1.0,B01
201000026011,0,7,0,0.0,1.0,1.0,1.0,A01
201000048454,0,32,0,0.0,2.0,1.0,1.0,A01
201000026745,0,7,0,0.0,2.0,6.0,0.0,B01
201000026224,0,99,0,0.0,2.0,3.0,1.0,A01
201000046181,0,7,0,12.0,0.0,1.0,2.0,A01
201000023327,0,1,0,0.0,2.0,1.0,15.0,A01
201000004544,0,7,0,0.0,2.0,3.0,1.0,A01
201000018537,0,33,0,0.0,2.0,0.0,3.0,A01
201000019528,0,33,0,0.0,0.0,0.0,21.0,A01
201000046095,0,7,0,0.0,2.0,1.0,2.0,B01
201000029838,0,31,0,0.0,2.0,1.0,0.0,A01
201000024347,0,7,0,0.0,2.0,2.0,1.0,A01
201000001382,0,33,0,16.0,0.0,8.0,2.0,A01
201000028578,0,30,0,0.0,0.0,2.0,1.0,A01
201000051053,0,1,0,0.0,2.0,0.0,0.0,B01
201000040030,0,2,0,0.0,2.0,7.0,1.0,B01
201000053559,0,7,0,0.0,2.0,1.0,1.0,B01
201000014265,0,7,0,0.0,2.0,7.0,15.0,A01
201000062477,0,34,0,0.0,1.0,0.0,1.0,A01
201000065105,0,7,0,1.0,2.0,1.0,9.0,A01
201000027803,0,7,0,0.0,2.0,2.0,1.0,A01
201000015991,0,7,0,0.0,2.0,1.0,1.0,A01
201000059167,0,7,0,4.0,2.0,6.0,1.0,B01
201000057625,0,7,0,0.0,2.0,6.0,9.0,A01
201000041774,0,7,0,0.0,1.0,1.0,1.0,A01
201000021800,0,7,0,0.0,1.0,2.0,1.0,A01
201000038493,0,7,0,0.0,1.0,0.0,1.0,A01
201000033673,0,30,0,0.0,2.0,1.0,1.0,B01
201000063746,0,32,0,0.0,1.0,1.0,17.0,A01
201000048774,0,30,0,0.0,2.0,8.0,0.0,B01
201000025423,0,2,0,0.0,2.0,1.0,1.0,B01
201000039743,0,7,0,0.0,2.0,4.0,2.0,B01
201000062127,0,30,0,0.0,2.0,2.0,1.0,B01
201000055328,0,7,0,0.0,0.0,1.0,2.0,D01
201000014101,0,7,0,6.0,1.0,2.0,14.0,A01
201000048366,0,7,0,0.0,2.0,6.0,11.0,B01
201000048764,0,7,0,0.0,1.0,2.0,1.0,A01
201000012032,0,30,0,2.0,0.0,1.0,14.0,A01
201000043218,0,7,0,0.0,1.0,0.0,1.0,A01
201000037111,0,7,0,0.0,2.0,3.0,15.0,A01
201000011469,0,7,0,0.0,2.0,7.0,17.0,A01
201000043750,0,7,0,0.0,0.0,4.0,2.0,C01
201000036560,0,7,0,0.0,2.0,2.0,15.0,A01
201000007869,0,7,0,13.0,0.0,3.0,1.0,A01
201000023807,0,7,0,0.0,1.0,1.0,1.0,A01
201000036292,0,7,0,0.0,2.0,5.0,1.0,B01
201000021176,0,7,0,0.0,2.0,1.0,2.0,A01
201000055327,0,7,0,0.0,2.0,1.0,2.0,B01
201000053493,0,32,0,0.0,2.0,7.0,15.0,B01
201000001700,0,7,0,0.0,0.0,6.0,15.0,B02
201000035942,0,7,0,0.0,2.0,3.0,13.0,A01
201000031983,0,7,0,0.0,1.0,2.0,1.0,A01
201000033380,0,7,0,0.0,2.0,1.0,15.0,A01
201000057385,0,7,0,0.0,2.0,7.0,1.0,B01
201000012066,0,10,0,0.0,2.0,1.0,2.0,B02
201000010838,0,2,0,0.0,2.0,1.0,2.0,B02
201000016552,0,31,0,0.0,1.0,1.0,2.0,A01
201000032818,0,2,0,0.0,2.0,1.0,1.0,B01
201000022475,0,7,0,0.0,2.0,5.0,15.0,B01
201000042577,0,7,0,0.0,1.0,7.0,1.0,A01
201000027458,0,7,0,0.0,2.0,3.0,1.0,B01
201000058814,0,7,0,0.0,2.0,1.0,15.0,A01
201000027267,0,7,0,0.0,2.0,3.0,9.0,A01
201000061967,0,7,0,0.0,2.0,4.0,2.0,B01
201000030933,0,7,0,0.0,2.0,1.0,2.0,A01
201000052039,0,7,0,0.0,1.0,1.0,15.0,A01
201000050162,1,7,0,,0.0,0.0,10.0,A01
201000018103,0,10,0,0.0,2.0,1.0,1.0,A01
201000035220,0,7,0,0.0,2.0,8.0,13.0,A01
201000036686,0,2,0,0.0,2.0,0.0,0.0,B01
201000027938,0,7,0,4.0,2.0,6.0,1.0,B01
201000028423,0,7,0,0.0,2.0,1.0,2.0,A01
201000009186,0,7,0,0.0,2.0,1.0,1.0,B02
201000005163,0,7,0,8.0,0.0,2.0,14.0,A01
201000023260,1,99,0,0.0,0.0,0.0,0.0,Z01
201000060698,0,7,0,0.0,2.0,4.0,23.0,B01
201000034303,0,37,3,0.0,1.0,2.0,1.0,A01
201000021065,0,7,0,0.0,2.0,1.0,2.0,A01
201000049730,0,7,0,0.0,2.0,6.0,1.0,B01
201000067613,0,1,0,0.0,2.0,1.0,1.0,B02
201000067252,0,7,0,0.0,2.0,4.0,2.0,A01
201000002390,0,7,0,0.0,2.0,7.0,15.0,A01
201000056574,0,10,0,6.0,0.0,3.0,21.0,A01
201000058497,0,33,0,0.0,2.0,8.0,3.0,A01
201000019269,0,7,0,0.0,1.0,0.0,0.0,A01
201000003389,0,7,0,0.0,9.0,3.0,15.0,A01
201000035347,0,7,0,1.0,0.0,6.0,16.0,A01
201000032554,0,7,0,0.0,2.0,1.0,1.0,A01
201000030744,0,7,0,0.0,2.0,3.0,1.0,B01
201000010528,0,7,0,0.0,2.0,1.0,0.0,B02
201000013355,0,7,0,2.0,0.0,1.0,19.0,A01
201000042651,0,7,0,6.0,0.0,1.0,1.0,A01
201000033334,0,7,0,0.0,2.0,4.0,2.0,B01
201000054041,0,2,0,0.0,2.0,3.0,1.0,C01
201000033415,0,7,0,0.0,2.0,4.0,15.0,B01
201000028957,0,2,0,0.0,2.0,1.0,1.0,B01
201000021346,0,2,0,0.0,2.0,1.0,7.0,A01
201000063700,0,14,0,0.0,2.0,6.0,1.0,C01
201000004946,0,7,0,0.0,0.0,1.0,1.0,B02
201000063613,0,33,0,0.0,1.0,1.0,1.0,A01
201000056086,0,7,0,0.0,2.0,1.0,1.0,B01
201000021493,0,7,0,0.0,2.0,1.0,9.0,A01
201000018075,0,32,0,1.0,1.0,1.0,1.0,A01
201000005974,0,33,0,0.0,2.0,1.0,1.0,A01
201000020256,0,7,0,0.0,0.0,1.0,1.0,B01
201000063185,0,32,0,0.0,2.0,3.0,1.0,B01
201000064483,0,3,0,0.0,2.0,3.0,1.0,B01
201000007578,0,7,0,0.0,2.0,1.0,1.0,B02
201000036892,0,30,0,0.0,2.0,8.0,1.0,A01
201000043501,0,7,0,0.0,1.0,6.0,4.0,A01
201000002676,0,30,0,0.0,0.0,8.0,15.0,B01
201000027121,0,7,0,0.0,2.0,1.0,2.0,A01
201000035734,0,10,0,0.0,2.0,2.0,2.0,A01
201000031468,0,33,0,0.0,2.0,1.0,1.0,B01
201000028881,0,2,0,0.0,0.0,8.0,1.0,B01
201000057064,0,31,0,0.0,2.0,7.0,1.0,B01
201000041837,0,2,0,0.0,2.0,8.0,1.0,A01
201000035024,0,7,0,0.0,2.0,6.0,10.0,A01
201000066119,0,33,0,0.0,2.0,1.0,1.0,B01